Ins_Id,Ins_Name,Ins_Age,Ins_Address,Ins_Phone
1,Sara Ahmed,35,Cairo,1011119999
2,Mostafa Waled,33,Mansoura,1222221111
3,Abdullah Mohamed,32,Mahlha,1533332222
4,Ola Abdelmaksoud,40,Fayoum,1044443333
5,Saly Ahmed,44,Cairo,1255554444
6,Karim Essam,40,Zagzig,1566665555
7,Ahmed Mohamed,43,Alex,1077776666
8,Ayman Mohamed,34,Cairo,1288887777
9,Nada Khalid,38,Mahlha,1599998888
10,Mostafa Khalid,39,Cairo,1012349999
11,Eman Ahmed,49,Mansoura,1223459999
12,Ayman Ali,33,Tanta,1534569999
13,Noha Islam,36,Assuit,1045679999
14,Tarek Khalid,42,Alex,1256789999
15,Noha Waled,45,Mansoura,1567899999
16,Saly Mostafa,37,Fayoum,1078900000
17,Islam Mohamed,34,Tanta,1289011111
18,Hassan Adel,47,Mansoura,1590122222
19,Mohamed Islam,48,Assuit,1011233333
20,Saly Islam,35,Mahlha,1222344444
21,Sara Waled,39,Cairo,1533455555
22,Waled Khalid,41,Assuit,1044566666
23,Hossam Islam,40,Monfiya,1255677777
24,Waled Islam,47,Assuit,1566788888
25,Hossam Mostafa,33,Monfiya,1077899999
26,Saly Tarek,32,Suaz,1289000000
27,Engy Mohamed,36,Suaz,1590011111
28,Islam Ali,37,Alex,1011112222
29,Eman Waled,38,Fayoum,1222223333
30,Nada Ahmed,39,Suaz,1533334444
31,Marwa Helmy,31,Cairo,1294288616
32,Aya Nasr,32,Aswan,1549277555
33,Soha Tarek,33,Giza,1036488159
34,Manar Khalid,36,Minia,1090008044
35,Osama Ahmed,39,Mansoura,1211567369
36,Dyaa Taha,40,Suiez,1014299616
37,Mohamed Ahmed,34,Zagzig,1214299616
38,Mai Bahaa,38,Alex,1514299616
39,Yosra Mohamed ,35,Cairo,1114299616
40,Mahmoud Amer,41,Fayoum,1048328233
41,Mohamed Tharwat,37,Tanta,1248328234
42,Sara Saeed,32,Sohag,1584328255
43,Ahmed Derar,40,Menofya,1003371745
44,Mostafa Hamada,30,Assuit,1503341462
45,Engy Salem,33,Cairo,1518192456
46,Soad Reda,30,Mansoura,1223341457
47,Esraa Osama,34,Minia,1198217654
48,Mohamed Elnakeib,31,Alex,1200091237
49,Aliaa Roshdy,42,Tanta,1221890974
50,Nadia Salah,35,Mahlha,1180907060
51,Nasr Kassem,39,Assuit,1223615000
52,Abdelrahman Dyaa,43,Fayoum,1094288151
53,Omar Sameh,42,Suiez,1294288515
54,Ahmed Ashraf,41,Menofya,1594266919
55,Nada Sedeek,36,Suiez,1525899573
56,Ahmed Baraya,39,Sohag,1010085676
57,Menna Omar,44,Qena,1229958973
58,Manal Ali,45,Minia,1096567963
59,Bassem Serag,32,Cairo,1221595874
60,Hamza Ahmed,30,Mansoura,1548304779