Std_Id,Std_Fname,Std_Lname,Std_Age,Std_Address,Std_Phone,Intake_id
1,Khalid,Kareem,24,Cairo,1012345678,1
2,Abdullah,Ali,27,Mansoura,1234567890,1
3,Khalid,Mohamed,22,Mahlha,1587654321,1
4,Hossam,Jamal,28,Fayoum,1098765432,1
5,Nadia,Amir,28,Cairo,1287654321,1
6,Jamal,Ibrahim,24,Mahlha,1555555555,1
7,Sara,Omar,24,Cairo,1011112222,1
8,Tarek,Abdullah,22,Fayoum,1233334444,1
9,Noha,Mostafa,28,Zagzig,1566667777,1
10,Nada,Yusuf,28,Alex,1044445555,1
11,Omar,Ibrahim,27,Cairo,1266667777,1
12,Habiba,Ayman,22,Mahlha,1588889999,1
13,Amir,Ahmed,22,Cairo,1055556666,1
14,Ahmed,Mohamed,22,Mansoura,1277778888,1
15,Ahmed,Yusuf,25,Mansoura,1512345678,1
16,Ibrahim,Amir,25,Alex,1044447777,1
17,Habiba,Omar,27,Suaz,1288889999,1
18,Ayman,Ibrahim,27,Cairo,1544445555,1
19,Ahmed,Amir,22,Suaz,1066668888,1
20,Amina,Mohamed,28,Assuit,1299990000,1
21,Tarek,Ibrahim,28,Zagzig,1555556666,1
22,Sara,Mostafa,24,Suaz,1077779999,1
23,Omar,Tarek,24,Alex,1211112222,1
24,Tarek,Ayman,25,Zagzig,1577778888,1
25,Amir,Jamal,24,Assuit,1088881111,1
26,Khalid,Omar,23,Mansoura,1222223333,1
27,Eman,Kareem,25,Zagzig,1599990000,1
28,Khalid,Ibrahim,22,Alex,1099991111,1
29,Mohamed,Khalid,25,Alex,1233334444,1
30,Omar,Tarek,25,Zagzig,1511112222,1
31,Tarek,Waled,22,Tanta,1022223333,1
32,Mostafa,Omar,24,Zagzig,1244445555,1
33,Ahmed,Hossam,25,Alex,1522223333,1
34,Layla,Ali,23,Assuit,1033334444,1
35,Waled,Khalid,23,Fayoum,1255556666,1
36,Engy,Amir,24,Monfiya,1533334444,1
37,Saly,Mohamed,24,Cairo,1011110000,1
38,Mostafa,Ali,24,Cairo,1266661111,1
39,Yusuf,Ahmed,25,Tanta,1544448888,1
40,Noha,Waled,25,Tanta,1088889999,1
41,Yusuf,Hossam,28,Assuit,1277779999,1
42,Islam,Tarek,23,Alex,1599990000,1
43,Saly,Ayman,27,Mansoura,1044445555,1
44,Omar,Omar,27,Tanta,1211112222,1
45,Engy,Omar,28,Alex,1544445555,1
46,Noha,Jamal,24,Mahlha,1022223333,1
47,Amir,Abdullah,24,Mansoura,1255554444,1
48,Hossam,Ali,27,Assuit,1588889999,1
49,Mostafa,Hossam,26,Mahlha,1055554444,1
50,Mostafa,Islam,23,Cairo,1211112222,1
51,Waled,Islam,25,Mansoura,1544445555,1
52,Ayman,Jamal,26,Alex,1022223333,1
53,Amir,Omar,28,Assuit,1255556666,1
54,Khalid,Hossam,24,Alex,1533334444,1
55,Amir,Kareem,24,Assuit,1011110000,1
56,Ibrahim,Kareem,22,Fayoum,1266661111,1
57,Eman,Jamal,26,Fayoum,1544448888,1
58,Yusuf,Abdullah,24,Mansoura,1088889999,1
59,Yusuf,Islam,27,Mansoura,1277779999,1
60,Layla,Islam,27,Fayoum,1599990000,1
61,Sara,Jamal,23,Suaz,1044445555,1
62,Mariam,Ali,28,Monfiya,1211112222,1
63,Noha,Ahmed,26,Alex,1544445555,1
64,Noha,Hossam,22,Alex,1022223333,1
65,Ibrahim,Yusuf,25,Tanta,1255554444,1
66,Nadia,Omar,22,Tanta,1588889999,1
67,Islam,Ali,25,Tanta,1033334444,1
68,Islam,Ahmed,24,Fayoum,1255556666,1
69,Ahmed,Abdullah,24,Tanta,1533334444,1
70,Mohamed,Mohamed,24,Suaz,1011110000,1
71,Hossam,Jamal,26,Suaz,1266661111,1
72,Amina,Jamal,26,Tanta,1544448888,1
73,Habiba,Waled,25,Cairo,1088889999,1
74,Mohamed,Ali,27,Suaz,1277779999,1
75,Amina,Omar,24,Tanta,1599990000,1
76,Engy,Islam,26,Mansoura,1044445555,1
77,Ayman,Ayman,26,Fayoum,1211112222,1
78,Tarek,Kareem,22,Mahlha,1544445555,1
79,Nadia,Abdullah,26,Zagzig,1022223333,1
80,Ibrahim,Khalid,25,Mahlha,1255554444,1
81,Jamal,Ahmed,26,Mansoura,1588889999,1
82,Nadia,Omar,24,Cairo,1033334444,1
83,Waled,Kareem,22,Zagzig,1255556666,1
84,Mostafa,Waled,28,Assuit,1533334444,1
85,Sara,Ali,22,Assuit,1011110000,1
86,Ibrahim,Abdullah,22,Fayoum,1266661111,1
87,Amir,Ahmed,25,Tanta,1544448888,1
88,Amir,Omar,26,Mansoura,1088889999,1
89,Yusuf,Ahmed,23,Assuit,1277779999,1
90,Eman,Amir,28,Mahlha,1599990000,1
91,Omar,Abdullah,27,Cairo,1044445555,1
92,Ayman,Yusuf,26,Assuit,1211112222,1
93,Amir,Ibrahim,23,Monfiya,1544445555,1
94,Hossam,Tarek,25,Assuit,1022223333,1
95,Islam,Mostafa,28,Monfiya,1255554444,1
96,Layla,Jamal,22,Suaz,1588889999,1
97,Omar,Kareem,25,Mahlha,1011113333,1
98,Khalid,Mohamed,22,Suaz,1222224444,1
99,Mostafa,Abdullah,26,Tanta,1533335555,1
100,Engy,Ibrahim,28,Mahlha,1044446666,1
101,Mariam,Ibrahim,22,Suaz,1255557777,1
102,Ahmed,Hossam,23,Fayoum,1566668888,1
103,Nada,Yusuf,26,Tanta,1077779999,1
104,Sara,Abdullah,28,Mahlha,1288880000,1
105,Eman,Ibrahim,25,Tanta,1599991111,1
106,Amina,Khalid,27,Alex,1012341234,1
107,Ayman,Abdullah,27,Zagzig,1223452345,1
108,Kareem,Ali,28,Mansoura,1534563456,1
109,Ibrahim,Ali,22,Mansoura,1045674567,1
110,Hossam,Abdullah,28,Cairo,1256785678,1
111,Layla,Kareem,24,Suaz,1567896789,1
112,Islam,Hossam,26,Assuit,1078907890,1
113,Yusuf,Omar,27,Mahlha,1289018901,1
114,Omar,Abdullah,26,Mahlha,1590129012,1
115,Noha,Waled,24,Monfiya,1011231234,1
116,Nada,Omar,27,Assuit,1222342345,1
117,Engy,Islam,28,Monfiya,1533453456,1
118,Tarek,Omar,23,Mahlha,1044564567,1
119,Ibrahim,Ayman,24,Fayoum,1255675678,1
120,Ayman,Ibrahim,22,Suaz,1566786789,1
121,Mostafa,Jamal,28,Cairo,1077897890,1
122,Ahmed,Hossam,22,Cairo,1288908901,1
123,Kareem,Ibrahim,28,Mahlha,1590019012,1
124,Engy,Khalid,25,Mahlha,1011111234,1
125,Engy,Jamal,22,Cairo,1222222345,1
126,Ibrahim,Ayman,23,Cairo,1533333456,1
127,Mariam,Omar,28,Monfiya,1044444567,1
128,Omar,Ibrahim,26,Tanta,1255555678,1
129,Noha,Ibrahim,22,Assuit,1566666789,1
130,Noha,Ali,23,Zagzig,1077777890,1
131,Khalid,Ayman,24,Monfiya,1288888901,1
132,Waled,Tarek,28,Mansoura,1599999012,1
133,Islam,Kareem,27,Monfiya,1012121234,1
134,Ayman,Ayman,27,Zagzig,1223232345,1
135,Mohamed,Ayman,25,Cairo,1534343456,1
136,Sara,Yusuf,24,Mansoura,1045454567,1
137,Nada,Ali,28,Monfiya,1256565678,1
138,Mostafa,Tarek,28,Mansoura,1567676789,1
139,Habiba,Jamal,27,Zagzig,1078787890,1
140,Kareem,Hossam,27,Monfiya,1289898901,1
141,Habiba,Yusuf,23,Alex,1590909012,1
142,Kareem,Waled,24,Fayoum,1011112345,1
143,Khalid,Ahmed,26,Tanta,1222223456,1
144,Nada,Ayman,24,Monfiya,1533334567,1
145,Islam,Islam,28,Fayoum,1044445678,1
146,Ahmed,Tarek,23,Suaz,1255556789,1
147,Khalid,Ibrahim,22,Monfiya,1011110000,1
148,Kareem,Yusuf,22,Tanta,1222221111,1
149,Engy,Tarek,23,Fayoum,1533332222,1
150,Ahmed,Jamal,25,Mansoura,1044443333,1
151,Omar,Ibrahim,22,Fayoum,1255554444,1
152,Ayman,Ali,23,Cairo,1566665555,1
153,Nada,Yusuf,28,Mahlha,1077776666,1
154,Amina,Omar,25,Mansoura,1288887777,1
155,Omar,Hossam,26,Suaz,1599998888,2
156,Hossam,Khalid,27,Zagzig,1012349999,2
157,Mariam,Khalid,22,Assuit,1223459999,2
158,Layla,Hossam,24,Alex,1534569999,2
159,Noha,Ayman,24,Monfiya,1045679999,2
160,Sara,Amir,24,Tanta,1256789999,2
161,Ibrahim,Omar,23,Assuit,1567899999,2
162,Layla,Tarek,22,Zagzig,1078900000,2
163,Mohamed,Yusuf,28,Mansoura,1289011111,2
164,Sara,Ahmed,26,Monfiya,1590122222,2
165,Ibrahim,Mostafa,28,Suaz,1011233333,2
166,Mostafa,Islam,25,Fayoum,1222344444,2
167,Hossam,Islam,23,Alex,1533455555,2
168,Ayman,Abdullah,23,Mahlha,1044566666,2
169,Khalid,Yusuf,24,Fayoum,1255677777,2
170,Ayman,Islam,25,Cairo,1566788888,2
171,Sara,Ahmed,23,Mahlha,1077899999,2
172,Noha,Kareem,26,Assuit,1289000000,2
173,Islam,Jamal,22,Mansoura,1590011111,2
174,Ibrahim,Ahmed,24,Suaz,1011112222,2
175,Omar,Amir,24,Mansoura,1222223333,2
176,Jamal,Khalid,22,Cairo,1533334444,2
177,Mariam,Amir,27,Tanta,1044445555,2
178,Amir,Ahmed,25,Tanta,1255556666,2
179,Sara,Ayman,27,Tanta,1566667777,2
180,Yusuf,Hossam,23,Mahlha,1077778888,2
181,Mostafa,Tarek,26,Assuit,1288889999,2
182,Layla,Ahmed,25,Monfiya,1599990000,2
183,Noha,Khalid,27,Suaz,1012341111,2
184,Nadia,Ahmed,28,Zagzig,1223452222,2
185,Ali,Ayman,26,Fayoum,1534563333,2
186,Jamal,Hossam,26,Mahlha,1045674444,2
187,Ahmed,Yusuf,22,Mansoura,1256785555,2
188,Habiba,Omar,28,Monfiya,1567896666,2
189,Amir,Ibrahim,25,Suaz,1078907777,2
190,Ahmed,Islam,27,Assuit,1289018888,2
191,Noha,Islam,28,Fayoum,1590129999,2
192,Ahmed,Mostafa,23,Tanta,1011231000,2
193,Tarek,Mostafa,27,Alex,1222342111,2
194,Yusuf,Yusuf,22,Alex,1533453222,2
195,Tarek,Ali,24,Cairo,1044564333,2
196,Yusuf,Ahmed,27,Assuit,1255675444,2
197,Hossam,Ibrahim,26,Fayoum,1566786555,2
198,Layla,Ayman,25,Tanta,1011118888,2
199,Mohamed,Amir,24,Assuit,1222229999,2
200,Mariam,Ahmed,25,Fayoum,1533330000,2
201,Sara,Mohamed,24,Suaz,1011112222,2
202,Ibrahim,Ibrahim,25,Zagzig,1222223333,2
203,Nada,Jamal,25,Cairo,1533334444,2
204,Engy,Kareem,22,Monfiya,1044445555,2
205,Kareem,Islam,26,Fayoum,1255556666,2
206,Ali,Abdullah,25,Fayoum,1566667777,2
207,Mohamed,Khalid,28,Fayoum,1077778888,2
208,Islam,Jamal,24,Mahlha,1288889999,2
209,Ibrahim,Khalid,25,Mahlha,1599990000,2
210,Noha,Islam,22,Suaz,1012341234,2
211,Sara,Islam,26,Alex,1223452345,2
212,Amina,Abdullah,28,Fayoum,1534563456,2
213,Tarek,Mohamed,25,Cairo,1045674567,2
214,Amina,Mohamed,22,Alex,1256785678,2
215,Amina,Yusuf,24,Zagzig,1567896789,2
216,Nada,Ahmed,22,Zagzig,1078907890,2
217,Tarek,Tarek,27,Monfiya,1289018901,2
218,Khalid,Abdullah,27,Suaz,1590129012,2
219,Ahmed,Hossam,26,Alex,1011231234,2
220,Waled,Ayman,25,Suaz,1222342345,2
221,Ayman,Kareem,23,Tanta,1533453456,2
222,Omar,Kareem,25,Cairo,1044564567,2
223,Amir,Tarek,22,Tanta,1255675678,2
224,Khalid,Jamal,28,Monfiya,1566786789,2
225,Islam,Kareem,22,Zagzig,1077897890,2
226,Layla,Tarek,24,Cairo,1288908901,2
227,Mohamed,Amir,22,Mahlha,1590019012,2
228,Tarek,Ali,23,Cairo,1011111234,2
229,Mostafa,Ibrahim,28,Fayoum,1222222345,2
230,Engy,Ahmed,22,Assuit,1533333456,2
231,Sara,Islam,27,Assuit,1044444567,2
232,Yusuf,Khalid,22,Cairo,1255555678,2
233,Islam,Kareem,23,Fayoum,1566666789,2
234,Khalid,Kareem,24,Assuit,1077777890,2
235,Hossam,Ali,26,Fayoum,1288888901,2
236,Abdullah,Ayman,22,Alex,1599999012,2
237,Mostafa,Omar,23,Zagzig,1012121234,2
238,Waled,Omar,27,Alex,1223232345,2
239,Jamal,Kareem,27,Zagzig,1534343456,2
240,Omar,Hossam,26,Assuit,1045454567,2
241,Nada,Mostafa,24,Fayoum,1256565678,2
242,Jamal,Waled,28,Alex,1567676789,2
243,Abdullah,Kareem,28,Zagzig,1078787890,2
244,Noha,Ali,22,Suaz,1289898901,2
245,Khalid,Omar,23,Zagzig,1590909012,2
246,Layla,Ahmed,24,Monfiya,1011112345,2
247,Sara,Islam,24,Tanta,1222223456,2
248,Yusuf,Islam,25,Suaz,1533334567,2
249,Yusuf,Islam,25,Assuit,1044445678,2
250,Ayman,Omar,27,Mahlha,1255556789,2
251,Sara,Mostafa,27,Fayoum,1011118888,2
252,Islam,Yusuf,24,Mahlha,1222229999,2
253,Eman,Ayman,22,Mahlha,1533330000,2
254,Layla,Hossam,27,Suaz,1044441111,2
255,Waled,Hossam,23,Mansoura,1255552222,2
256,Layla,Abdullah,27,Cairo,1566663333,2
257,Amina,Mohamed,26,Mansoura,1077774444,2
258,Nada,Jamal,25,Zagzig,1288885555,2
259,Mohamed,Ibrahim,26,Zagzig,1599996666,2
260,Mohamed,Kareem,23,Mansoura,1012347777,2
261,Abdullah,Mohamed,22,Fayoum,1223458888,2
262,Nadia,Ali,25,Suaz,1534569999,2
263,Saly,Yusuf,27,Fayoum,1045671111,2
264,Amir,Hossam,23,Alex,1256782222,2
265,Yusuf,Waled,25,Mansoura,1567893333,2
266,Omar,Ahmed,22,Mahlha,1078904444,2
267,Yusuf,Abdullah,24,Suaz,1289015555,2
268,Sara,Hossam,26,Mahlha,1590126666,2
269,Abdullah,Waled,23,Zagzig,1011234444,2
270,Jamal,Islam,25,Cairo,1222345555,2
271,Engy,Ibrahim,28,Monfiya,1533456666,2
272,Omar,Khalid,27,Zagzig,1044567777,2
273,Mohamed,Islam,23,Mahlha,1255678888,2
274,Amir,Tarek,27,Assuit,1566799999,2
275,Jamal,Tarek,22,Fayoum,1077880000,2
276,Noha,Abdullah,26,Mansoura,1288991111,2
277,Layla,Hossam,24,Monfiya,1590002222,2
278,Engy,Ali,23,Assuit,1011113333,2
279,Ali,Waled,23,Zagzig,1222224444,2
280,Sara,Mostafa,26,Tanta,1533335555,2
281,Amir,Khalid,24,Mahlha,1044446666,2
282,Saly,Ali,27,Assuit,1255557777,2
283,Mostafa,Ayman,24,Cairo,1566668888,2
284,Mostafa,Yusuf,22,Monfiya,1077779999,2
285,Kareem,Mostafa,22,Suaz,1288880000,2
286,Layla,Khalid,23,Mansoura,1599991111,2
287,Layla,Abdullah,22,Assuit,1012341234,2
288,Omar,Tarek,28,Monfiya,1223452345,2
289,Noha,Ali,23,Mansoura,1534563456,2
290,Waled,Khalid,24,Monfiya,1045674567,2
291,Saly,Tarek,22,Cairo,1256785678,2
292,Ali,Kareem,27,Monfiya,1567896789,2
293,Layla,Ali,25,Suaz,1078907890,2
294,Hossam,Ahmed,26,Alex,1289018901,2
295,Omar,Ali,24,Assuit,1590129012,2
296,Mohamed,Yusuf,24,Tanta,1011231234,2
297,Ali,Omar,23,Suaz,1222342345,2
298,Layla,Ibrahim,24,Suaz,1533453456,2
299,Engy,Ayman,28,Mahlha,1044564567,2
300,Engy,Tarek,28,Mahlha,1255675678,2
301,Ahmed,Khalil,24,Assuit,1011118888,2
302,Fatima,Mahmoud,23,Mansoura,1222229999,2
303,Mohamed,Abadi,25,Zagzig,1533330000,2
304,Amina,Hamdi,22,Alex,1044441111,2
305,Ali,Mansoor,25,Alex,1255552222,2
306,Salma,Qasim,25,Zagzig,1566663333,2
307,Amir,Haddad,22,Tanta,1077774444,2
308,Lina,Saidi,24,Zagzig,1288885555,2
309,Omar,Nasser,25,Alex,1599996666,2
310,Hana,Farid,23,Assuit,1012347777,3
311,Khalid,Darwish,23,Fayoum,1223458888,3
312,Layla,Saleh,24,Monfiya,1534569999,3
313,Karim,Khoury,24,Cairo,1045671111,3
314,Yasmin,Haddad,24,Cairo,1256782222,3
315,Hassan,Nader,25,Tanta,1567893333,3
316,Sara,Jamal,25,Tanta,1078904444,3
317,Youssef,Hariri,28,Assuit,1289015555,3
318,Nour,Mansoori,23,Alex,1590126666,3
319,Samir,Khattab,27,Mansoura,1011232222,3
320,Aisha,Mahdi,27,Tanta,1222343333,3
321,Ziad,Amir,28,Alex,1533454444,3
322,Rania,Mahmoud,24,Mahlha,1044565555,3
323,Bilal,Hussein,24,Mansoura,1255676666,3
324,Aya,Hariri,27,Assuit,1566797777,3
325,Jamal,Sharif,26,Mahlha,1077818888,3
326,Reem,Qasimi,23,Cairo,1289029999,3
327,Tariq,Amin,25,Mansoura,1590000000,3
328,Leila,Tamimi,26,Alex,1011112223,3
329,Khaled,Sabbagh,28,Assuit,1222223334,3
330,Farida,Haddad,24,Alex,1533334445,3
331,Jihad,Fadel,24,Assuit,1044445556,3
332,Dalia,Makki,22,Fayoum,1255556667,3
333,Adnan,Aziz,26,Fayoum,1566667778,3
334,Nadia,Batool,24,Mansoura,1077778889,3
335,Rami,Hakim,27,Mansoura,1288889990,3
336,Amira,Sharif,27,Fayoum,1599990001,3
337,Walid,Jawad,23,Suaz,1012341112,3
338,Mariam,Hashmi,28,Monfiya,1223452223,3
339,Fadi,Awar,26,Alex,1534563334,3
340,Farah,Saleem,22,Alex,1045674445,3
341,Mustafa,Khalil,25,Tanta,1256785556,3
342,Rima,Jabari,22,Tanta,1567896667,3
343,Kareem,Rifai,25,Tanta,1078907778,3
344,Hoda,Mansouri,24,Fayoum,1289018889,3
345,Abbas,Talib,24,Tanta,1590129990,3
346,Dana,Mousa,24,Suaz,1011231001,3
347,Majid,Hariri,26,Suaz,1222342112,3
348,Mona,Farooq,26,Tanta,1533453223,3
349,Zain,Ali,25,Cairo,1044564334,3
350,Sana,Abdelhameid,27,Suaz,1255675445,3
351,Yasin,Rizk,24,Tanta,1566786556,3
352,Dina,Naji,22,Cairo,1011110001,3
353,Sami,Ghanem,23,Cairo,1222221112,3
354,Layla,Faris,28,Monfiya,1533332223,3
355,Khaled,Mansour,26,Tanta,1044443334,3
356,Noura,Khattab,22,Assuit,1255554445,3
357,Hisham,Tawfiq,23,Zagzig,1566665556,3
358,Rana,Abu Dhabi,24,Monfiya,1077776667,3
359,Ziad,Saad,28,Mansoura,1288887778,3
360,Maya,Awad,27,Monfiya,1599998889,3
361,Kareem,Nassar,27,Zagzig,1012349990,3
362,Mona,Taha,25,Cairo,1223459901,3
363,Ahmed,Matar,24,Mansoura,1534569912,3
364,Farida,Samara,28,Monfiya,1045679923,3
365,Tarek,Qara,28,Mansoura,1256789934,3
366,Yasmina,Kanaan,27,Zagzig,1567899945,3
367,Saif,Hafez,27,Monfiya,1078900056,3
368,Rasha,Najjar,23,Alex,1289011167,3
369,Karim,Youssef,24,Fayoum,1590122278,3
370,Amal,Hamdan,26,Tanta,1011233389,3
371,Bilal,Rifaat,24,Monfiya,1222344500,3
372,Aisha,Dawood,28,Fayoum,1533455611,3
373,Hamza,Ghazi,23,Suaz,1044566722,3
374,Ghada,Jaber,22,Monfiya,1255677833,3
375,Jamal,Khouri,22,Tanta,1566788944,3
376,Lubna,Hadi,23,Fayoum,1077890055,3
377,Rami,Sabry,25,Mansoura,1289001166,3
378,Rola,Tarazi,22,Fayoum,1590012277,3
379,Fahad,Dabour,23,Cairo,1011113388,3
380,Dalia,Qassem,28,Mahlha,1222224499,3
381,Khalid,Badawi,25,Mansoura,1533335600,3
382,Hala,Malouf,26,Suaz,1044446711,3
383,Adnan,Fawzi,27,Zagzig,1255557822,3
384,Salwa,Aboud,22,Assuit,1566668933,3
385,Samir,Nasr,24,Alex,1077770044,3
386,Nada,Karam,24,Monfiya,1288881155,3
387,Majid,Said,24,Tanta,1599992266,3
388,Yasir,Fadel,23,Assuit,1012343377,3
389,Rania,Halabi,22,Zagzig,1223454488,3
390,Tariq,Gerges,28,Mansoura,1534565599,3
391,Nadia,Shalabi,26,Monfiya,1045676600,3
392,Fadi,Issa,28,Suaz,1256787711,3
393,Sara,Idris,25,Fayoum,1567898822,3
394,Ali,Qadi,23,Alex,1078909933,3
395,Lina,Fawzi,23,Mahlha,1289010044,3
396,Raed,Haddad,24,Fayoum,1590121155,3
397,Lamia,Saadi,25,Cairo,1011232266,3
398,Ahmed,Iskander,23,Mahlha,1222343377,3
399,Hala,Naji,26,Assuit,1533454488,3
400,Zakiya,Saqr,22,Mansoura,1044565599,3
401,Imran,Mansoor,24,Suaz,1255676610,3
402,Zara,Khoury,24,Mansoura,1566787721,3
403,Rafiq,Hamdi,22,Cairo,1011118888,3
404,Layla,Qasim,23,Cairo,1222229999,3
405,Tariq,Nasser,28,Monfiya,1533330000,3
406,Amira,Fawzi,26,Tanta,1044441111,3
407,Jamal,Khaleel,22,Assuit,1255552222,3
408,Rima,Saad,23,Zagzig,1566663333,3
409,Malik,Tawfiq,24,Monfiya,1077774444,3
410,Yasmeen,Alawi,28,Mansoura,1288885555,3
411,Nabil,Farah,27,Monfiya,1599996666,3
412,Noor,Salim,27,Zagzig,1012347777,3
413,Sameer,Haddad,25,Cairo,1223458888,3
414,Leila,Mansour,24,Mansoura,1534569999,3
415,Kamal,Qara,28,Monfiya,1045671111,3
416,Nada,Aboud,28,Mansoura,1256782222,3
417,Raheem,Jaber,27,Zagzig,1567893333,3
418,Amina,Naji,27,Monfiya,1078904444,3
419,Khaled,Zahran,23,Alex,1289015555,3
420,Farida,Awad,24,Fayoum,1590126666,3
421,Samir,Karam,26,Tanta,1011232222,3
422,Laila,Nassar,24,Monfiya,1222343333,3
423,Zainab,Zaki,28,Fayoum,1533454444,3
424,Ahmed,Hafez,23,Suaz,1044565555,3
425,Mona,Idris,22,Monfiya,1255676666,3
426,Bassam,Taha,22,Tanta,1566797777,3
427,Rania,Gerges,23,Fayoum,1077818888,3
428,Yasmine,Suleiman,25,Mansoura,1289029999,3
429,Karim,Dawood,22,Fayoum,1590000000,3
430,Huda,Kanaan,23,Cairo,1011112223,3
431,Faisal,Badawi,28,Mahlha,1222223334,3
432,Hala,Fadel,25,Mansoura,1533334445,3
433,Rami,Issa,26,Suaz,1044445556,3
434,Nadia,Halabi,27,Zagzig,1255556667,3
435,Sami,Qara,22,Assuit,1566667778,3
436,Sara,Khouri,24,Alex,1077778889,3
437,Walid,Hadi,24,Monfiya,1288889990,3
438,Ayesha,Ghazi,24,Tanta,1599990001,3
439,Adil,Rifaat,23,Assuit,1012341112,3
440,Layla,Saqr,22,Zagzig,1223452223,3
441,Nizar,Sadiq,28,Mansoura,1534563334,3
442,Rasha,Zaki,26,Monfiya,1045674445,3
443,Tariq,Qara,28,Suaz,1256785556,3
444,Leila,Ghazi,25,Fayoum,1567896667,3
445,Hamza,Saad,23,Alex,1078907778,3
446,Yasmin,Kanaan,23,Mahlha,1289018889,3
447,Kamal,Saeed,24,Fayoum,1590129990,3
448,Aisha,Jaber,25,Cairo,1011231001,3
449,Farouk,Nassar,23,Mahlha,1222342112,3
450,Lubna,Fawzi,26,Assuit,1533453223,3
451,Ziad,Al-Husary,22,Mansoura,1044564334,3
452,Nour,Habib,24,Suaz,1255675445,3
453,Kareem,Youssef,24,Mansoura,1566786556,3
454,Aya,Al-Masri,27,Mansoura,1011112223,3
455,Samira,Al-Hakim,22,Mahlha,1222223334,3
456,Ahmed,Al-Talib,28,Fayoum,1533334445,3
457,Rana,Al-Mahmoud,28,Fayoum,1044445556,3
458,Bilal,Al-Masood,23,Tanta,1255556667,3
459,Amina,Al-Rawi,27,Alex,1566667778,3
460,Jamal,Al-Maqdisi,22,Alex,1077778889,3
461,Fatima,Al-Fahd,22,Cairo,1288889990,3
462,Kareem,Al-Mahjoub,27,Monfiya,1599990001,3
463,Layla,Al-Baghdadi,25,Suaz,1012341112,3
464,Karim,Al-Ahmad,26,Alex,1223452223,3
465,Nour,Al-Saad,24,Assuit,1534563334,3